"label","levels","AZ","AZ_AZ","AZ_AZ_AZ","AZ_AZ_AZ_AZ","AZ_AZ_AZ_AZ_AZ","AZ_AZ_Mo","AZ_AZ_Mo_Mo","AZ_AZ_Mo_Mo_Mo","AZ_AZ_Mo_PB","AZ_AZ_PB","AZ_AZ_PB_Mo","AZ_AZ_PB_Mo_Mo","AZ_AZ_PB_PB","AZ_AZ_PB_PB_Mo","AZ_AZ_PB_PB_PB","AZ_Mo","AZ_Mo_Mo","AZ_Mo_Mo_Mo","AZ_PB","AZ_PB_PB","AZ_PB_PB_PB","Mo","Mo_Mo","Mo_Mo_Mo","Mo_Mo_Mo_Mo","Mo_Mo_Mo_Mo_Mo","Mo_Mo_PB","Mo_PB","PB","PB_AZ","PB_Mo","PB_Mo_Mo","PB_PB","PB_PB_Mo","PB_PB_Mo_Mo","PB_PB_Mo_PB","PB_PB_PB","PB_PB_PB_Mo","PB_PB_PB_Mo_Mo","PB_PB_PB_PB","PB_PB_PB_PB_Mo","PB_PB_PB_PB_PB","uv","v2_mixed","v3_mixed","v4_mixed","v5_mixed"
"Total","","35767 (0.6)","171786 (3.0)","5418 (0.1)","471 (0.0)","56 (0.0)","409191 (7.1)","62793 (1.1)","2109 (0.0)","9810 (0.2)","1029329 (17.7)","77158 (1.3)","3648 (0.1)","207853 (3.6)","3939 (0.1)","8405 (0.1)","1280 (0.0)","76 (0.0)","2 (0.0)","5350 (0.1)","2667 (0.0)","8 (0.0)","20370 (0.4)","50601 (0.9)","80279 (1.4)","171 (0.0)","7 (0.0)","34460 (0.6)","3236 (0.1)","171383 (3.0)","4 (0.0)","2628 (0.0)","22 (0.0)","464347 (8.0)","351812 (6.1)","14630 (0.3)","1793 (0.0)","911551 (15.7)","27587 (0.5)","1581 (0.0)","98796 (1.7)","1484 (0.0)","4734 (0.1)","1513693 (26.1)","404 (0.0)","3849 (0.1)","2803 (0.0)","2983 (0.1)"
"Age","Mean (SD)","56.5 (17.8)","54.3 (16.6)","57.8 (13.2)","72.8 (14.2)","59.6 (13.6)","55.0 (11.8)","79.2 (11.2)","64.3 (14.4)","78.6 (12.7)","57.5 (12.2)","79.7 (11.4)","65.6 (14.7)","80.7 (10.6)","65.9 (14.8)","67.3 (14.4)","49.8 (14.1)","81.9 (10.8)","76.5 (13.4)","50.8 (14.3)","57.2 (18.0)","71.9 (13.1)","33.9 (12.1)","31.8 (8.8)","32.9 (9.2)","42.4 (15.4)","44.9 (10.7)","32.6 (9.5)","29.9 (9.1)","22.6 (15.6)","34.8 (15.5)","32.9 (14.9)","62.0 (23.0)","26.7 (15.4)","44.3 (17.1)","73.4 (9.5)","70.7 (13.5)","46.4 (18.0)","74.8 (11.8)","62.7 (13.5)","77.9 (11.2)","62.4 (13.7)","63.5 (14.2)","24.1 (19.1)","61.0 (21.6)","43.8 (19.2)","71.9 (17.0)","64.7 (15.1)"
"Age group","5-15","12 (0.0)","6 (0.0)","0 (0.0)","0 (0.0)","0 (0.0)","8 (0.0)","0 (0.0)","0 (0.0)","0 (0.0)","14 (0.0)","0 (0.0)","0 (0.0)","1 (0.0)","0 (0.0)","0 (0.0)","0 (0.0)","0 (0.0)","0 (0.0)","11 (0.0)","0 (0.0)","0 (0.0)","36 (0.0)","8 (0.0)","2 (0.0)","0 (0.0)","0 (0.0)","0 (0.0)","34 (0.0)","68973 (12.0)","0 (0.0)","86 (0.0)","0 (0.0)","108274 (18.8)","12 (0.0)","1 (0.0)","0 (0.0)","1023 (0.2)","0 (0.0)","0 (0.0)","54 (0.0)","0 (0.0)","2 (0.0)","398240 (69.0)","3 (0.0)","3 (0.0)","1 (0.0)","0 (0.0)"
NA,"16-75","29320 (0.7)","149718 (3.6)","5121 (0.1)","168 (0.0)","49 (0.0)","398929 (9.5)","9636 (0.2)","1573 (0.0)","1869 (0.0)","985185 (23.5)","11926 (0.3)","2591 (0.1)","27585 (0.7)","2733 (0.1)","5643 (0.1)","1230 (0.0)","13 (0.0)","1 (0.0)","5023 (0.1)","2145 (0.1)","4 (0.0)","20154 (0.5)","50439 (1.2)","80234 (1.9)","162 (0.0)","7 (0.0)","34451 (0.8)","3187 (0.1)","99121 (2.4)","4 (0.0)","2456 (0.1)","10 (0.0)","347125 (8.3)","346166 (8.3)","4249 (0.1)","712 (0.0)","886101 (21.2)","6882 (0.2)","1299 (0.0)","17847 (0.4)","1184 (0.0)","3687 (0.1)","634700 (15.2)","275 (0.0)","3662 (0.1)","1209 (0.0)","2159 (0.1)"
NA,"75+","6434 (1.0)","22061 (3.4)","297 (0.0)","303 (0.0)","7 (0.0)","10253 (1.6)","53157 (8.3)","536 (0.1)","7941 (1.2)","44129 (6.9)","65232 (10.2)","1057 (0.2)","180267 (28.1)","1206 (0.2)","2762 (0.4)","50 (0.0)","63 (0.0)","1 (0.0)","316 (0.0)","522 (0.1)","4 (0.0)","180 (0.0)","154 (0.0)","43 (0.0)","9 (0.0)","0 (0.0)","9 (0.0)","15 (0.0)","3289 (0.5)","0 (0.0)","86 (0.0)","12 (0.0)","8947 (1.4)","5634 (0.9)","10380 (1.6)","1081 (0.2)","24425 (3.8)","20705 (3.2)","282 (0.0)","80895 (12.6)","300 (0.0)","1045 (0.2)","85606 (13.3)","126 (0.0)","184 (0.0)","1593 (0.2)","824 (0.1)"
"Urban rural classification","Large Urban Areas","13100 (0.7)","61361 (3.3)","1177 (0.1)","108 (0.0)","11 (0.0)","243879 (13.0)","38846 (2.1)","1176 (0.1)","6946 (0.4)","178498 (9.5)","24357 (1.3)","1530 (0.1)","41434 (2.2)","1242 (0.1)","1385 (0.1)","880 (0.0)","48 (0.0)","1 (0.0)","1644 (0.1)","717 (0.0)","1 (0.0)","13616 (0.7)","34409 (1.8)","53883 (2.9)","113 (0.0)","5 (0.0)","23524 (1.3)","2184 (0.1)","57199 (3.0)","0 (0.0)","1805 (0.1)","15 (0.0)","144900 (7.7)","204508 (10.9)","9032 (0.5)","1223 (0.1)","211720 (11.3)","6607 (0.4)","827 (0.0)","12323 (0.7)","309 (0.0)","385 (0.0)","475354 (25.3)","126 (0.0)","1979 (0.1)","1203 (0.1)","1707 (0.1)"
NA,"Other Urban Areas","13876 (0.7)","65959 (3.4)","2685 (0.1)","220 (0.0)","26 (0.0)","98193 (5.0)","13970 (0.7)","656 (0.0)","1458 (0.1)","456348 (23.3)","32704 (1.7)","1135 (0.1)","78535 (4.0)","1716 (0.1)","3681 (0.2)","236 (0.0)","18 (0.0)","0 (0.0)","1947 (0.1)","1013 (0.1)","2 (0.0)","3968 (0.2)","9330 (0.5)","13698 (0.7)","31 (0.0)","1 (0.0)","4671 (0.2)","623 (0.0)","63437 (3.2)","4 (0.0)","452 (0.0)","4 (0.0)","181344 (9.2)","84369 (4.3)","3264 (0.2)","364 (0.0)","395244 (20.1)","15598 (0.8)","513 (0.0)","40998 (2.1)","959 (0.0)","2661 (0.1)","362770 (18.5)","159 (0.0)","1113 (0.1)","891 (0.0)","738 (0.0)"
NA,"Accessible Small Towns","3063 (0.6)","14198 (2.8)","589 (0.1)","56 (0.0)","7 (0.0)","22595 (4.5)","3717 (0.7)","117 (0.0)","629 (0.1)","123537 (24.5)","9301 (1.8)","342 (0.1)","25834 (5.1)","468 (0.1)","1054 (0.2)","67 (0.0)","4 (0.0)","0 (0.0)","569 (0.1)","299 (0.1)","1 (0.0)","945 (0.2)","2455 (0.5)","5007 (1.0)","9 (0.0)","0 (0.0)","2354 (0.5)","166 (0.0)","16075 (3.2)","0 (0.0)","125 (0.0)","1 (0.0)","44258 (8.8)","25543 (5.1)","1054 (0.2)","73 (0.0)","96560 (19.2)","1630 (0.3)","77 (0.0)","12067 (2.4)","107 (0.0)","624 (0.1)","87102 (17.3)","40 (0.0)","291 (0.1)","283 (0.1)","220 (0.0)"
NA,"Remote Small Towns","1488 (0.6)","8023 (3.1)","252 (0.1)","15 (0.0)","3 (0.0)","7618 (2.9)","746 (0.3)","15 (0.0)","71 (0.0)","71855 (27.6)","3083 (1.2)","168 (0.1)","17021 (6.5)","82 (0.0)","589 (0.2)","15 (0.0)","1 (0.0)","0 (0.0)","303 (0.1)","159 (0.1)","1 (0.0)","280 (0.1)","554 (0.2)","1196 (0.5)","4 (0.0)","0 (0.0)","222 (0.1)","42 (0.0)","8255 (3.2)","0 (0.0)","49 (0.0)","0 (0.0)","23109 (8.9)","8223 (3.2)","234 (0.1)","16 (0.0)","50512 (19.4)","1103 (0.4)","20 (0.0)","8781 (3.4)","18 (0.0)","300 (0.1)","45356 (17.4)","22 (0.0)","111 (0.0)","102 (0.0)","51 (0.0)"
NA,"Accessible Rural","2766 (0.6)","14021 (2.9)","453 (0.1)","42 (0.0)","7 (0.0)","32816 (6.7)","5211 (1.1)","130 (0.0)","615 (0.1)","114853 (23.4)","6226 (1.3)","417 (0.1)","26156 (5.3)","344 (0.1)","1104 (0.2)","60 (0.0)","5 (0.0)","0 (0.0)","548 (0.1)","293 (0.1)","1 (0.0)","993 (0.2)","3059 (0.6)","5312 (1.1)","12 (0.0)","1 (0.0)","3230 (0.7)","149 (0.0)","15647 (3.2)","0 (0.0)","108 (0.0)","2 (0.0)","43670 (8.9)","23264 (4.7)","972 (0.2)","96 (0.0)","88916 (18.1)","2256 (0.5)","127 (0.0)","11127 (2.3)","76 (0.0)","420 (0.1)","84830 (17.3)","38 (0.0)","245 (0.0)","218 (0.0)","208 (0.0)"
NA,"Remote Rural","1194 (0.4)","6911 (2.6)","236 (0.1)","29 (0.0)","1 (0.0)","1759 (0.7)","88 (0.0)","3 (0.0)","49 (0.0)","78901 (29.6)","1290 (0.5)","47 (0.0)","17951 (6.7)","76 (0.0)","559 (0.2)","6 (0.0)","0 (0.0)","0 (0.0)","275 (0.1)","164 (0.1)","2 (0.0)","145 (0.1)","294 (0.1)","411 (0.2)","0 (0.0)","0 (0.0)","229 (0.1)","32 (0.0)","8919 (3.3)","0 (0.0)","28 (0.0)","0 (0.0)","23140 (8.7)","3349 (1.3)","19 (0.0)","12 (0.0)","62831 (23.6)","300 (0.1)","12 (0.0)","12654 (4.7)","12 (0.0)","323 (0.1)","44049 (16.5)","16 (0.0)","78 (0.0)","99 (0.0)","41 (0.0)"
"Number of risk groups","0","23218 (0.7)","101668 (2.9)","1895 (0.1)","88 (0.0)","10 (0.0)","225131 (6.5)","15133 (0.4)","374 (0.0)","2264 (0.1)","510771 (14.8)","16053 (0.5)","665 (0.0)","46848 (1.4)","600 (0.0)","1313 (0.0)","733 (0.0)","16 (0.0)","1 (0.0)","3006 (0.1)","1202 (0.0)","0 (0.0)","15669 (0.5)","39436 (1.1)","63603 (1.8)","82 (0.0)","3 (0.0)","26581 (0.8)","2484 (0.1)","141357 (4.1)","3 (0.0)","2061 (0.1)","8 (0.0)","365606 (10.6)","236055 (6.8)","4457 (0.1)","553 (0.0)","548609 (15.9)","7087 (0.2)","312 (0.0)","21945 (0.6)","271 (0.0)","776 (0.0)","1016182 (29.5)","284 (0.0)","2260 (0.1)","573 (0.0)","530 (0.0)"
NA,"1","8473 (0.6)","47901 (3.6)","2077 (0.2)","146 (0.0)","16 (0.0)","129429 (9.8)","19808 (1.5)","807 (0.1)","2982 (0.2)","345802 (26.2)","24938 (1.9)","1272 (0.1)","61491 (4.7)","1336 (0.1)","2751 (0.2)","374 (0.0)","19 (0.0)","0 (0.0)","1558 (0.1)","839 (0.1)","1 (0.0)","4000 (0.3)","9920 (0.8)","15097 (1.1)","68 (0.0)","3 (0.0)","7079 (0.5)","676 (0.1)","26188 (2.0)","0 (0.0)","458 (0.0)","9 (0.0)","84973 (6.4)","87582 (6.6)","5191 (0.4)","617 (0.0)","260462 (19.7)","9494 (0.7)","584 (0.0)","31509 (2.4)","528 (0.0)","1663 (0.1)","120256 (9.1)","68 (0.0)","1023 (0.1)","869 (0.1)","1079 (0.1)"
NA,"2","2865 (0.7)","15491 (3.5)","1001 (0.2)","126 (0.0)","19 (0.0)","38867 (8.9)","14251 (3.2)","520 (0.1)","2234 (0.5)","119950 (27.3)","19004 (4.3)","915 (0.2)","49094 (11.2)","1069 (0.2)","2271 (0.5)","116 (0.0)","21 (0.0)","1 (0.0)","496 (0.1)","357 (0.1)","3 (0.0)","581 (0.1)","1096 (0.2)","1468 (0.3)","14 (0.0)","1 (0.0)","746 (0.2)","67 (0.0)","3208 (0.7)","0 (0.0)","79 (0.0)","4 (0.0)","11371 (2.6)","20924 (4.8)","2988 (0.7)","379 (0.1)","74298 (16.9)","6418 (1.5)","398 (0.1)","24028 (5.5)","394 (0.1)","1300 (0.3)","18461 (4.2)","26 (0.0)","348 (0.1)","716 (0.2)","738 (0.2)"
NA,"3-4","1103 (0.5)","5938 (2.8)","397 (0.2)","95 (0.0)","11 (0.0)","14230 (6.7)","11480 (5.4)","352 (0.2)","1965 (0.9)","47284 (22.4)","14783 (7.0)","692 (0.3)","42224 (20.0)","801 (0.4)","1754 (0.8)","50 (0.0)","17 (0.0)","0 (0.0)","246 (0.1)","220 (0.1)","2 (0.0)","113 (0.1)","142 (0.1)","102 (0.0)","7 (0.0)","0 (0.0)","54 (0.0)","9 (0.0)","577 (0.3)","1 (0.0)","29 (0.0)","1 (0.0)","2173 (1.0)","6774 (3.2)","1783 (0.8)","222 (0.1)","25876 (12.3)","4043 (1.9)","258 (0.1)","18318 (8.7)","255 (0.1)","887 (0.4)","4481 (2.1)","22 (0.0)","182 (0.1)","557 (0.3)","541 (0.3)"
NA,"5+","108 (0.4)","788 (2.7)","48 (0.2)","16 (0.1)","0 (0.0)","1534 (5.2)","2121 (7.2)","56 (0.2)","365 (1.2)","5522 (18.7)","2380 (8.1)","104 (0.4)","8196 (27.7)","133 (0.5)","316 (1.1)","7 (0.0)","3 (0.0)","0 (0.0)","44 (0.1)","49 (0.2)","2 (0.0)","7 (0.0)","7 (0.0)","9 (0.0)","0 (0.0)","0 (0.0)","0 (0.0)","0 (0.0)","53 (0.2)","0 (0.0)","1 (0.0)","0 (0.0)","224 (0.8)","477 (1.6)","211 (0.7)","22 (0.1)","2306 (7.8)","545 (1.8)","29 (0.1)","2996 (10.1)","36 (0.1)","108 (0.4)","503 (1.7)","4 (0.0)","36 (0.1)","88 (0.3)","95 (0.3)"
"Average household age","Mean (SD)","48.0 (20.0)","45.2 (18.8)","49.2 (15.7)","66.5 (16.3)","53.7 (13.6)","45.6 (14.5)","72.4 (13.5)","56.9 (16.6)","71.6 (14.8)","48.5 (15.3)","73.1 (13.6)","58.3 (17.0)","74.5 (12.6)","58.4 (16.9)","60.2 (16.7)","41.0 (15.4)","75.9 (12.5)","72.2 (13.8)","42.0 (16.4)","49.2 (20.2)","64.0 (18.6)","30.9 (12.0)","30.2 (9.9)","31.5 (9.7)","37.2 (15.1)","43.4 (8.5)","31.6 (9.8)","29.9 (10.1)","26.8 (12.8)","37.2 (5.8)","31.1 (13.5)","54.5 (23.2)","29.2 (12.7)","39.5 (16.1)","66.5 (12.0)","63.7 (15.2)","41.1 (17.0)","68.3 (13.9)","54.9 (15.9)","72.2 (12.7)","54.7 (15.8)","56.3 (16.3)","23.5 (14.6)","54.9 (22.2)","40.5 (17.2)","65.0 (18.7)","57.4 (16.9)"
"Number of people in household","1","14641 (1.0)","59494 (3.9)","1723 (0.1)","191 (0.0)","18 (0.0)","124445 (8.1)","30151 (2.0)","731 (0.0)","4683 (0.3)","303418 (19.8)","36761 (2.4)","1293 (0.1)","101775 (6.7)","1373 (0.1)","2981 (0.2)","476 (0.0)","43 (0.0)","1 (0.0)","1968 (0.1)","1006 (0.1)","2 (0.0)","6706 (0.4)","12589 (0.8)","20395 (1.3)","49 (0.0)","2 (0.0)","8014 (0.5)","801 (0.1)","25851 (1.7)","0 (0.0)","870 (0.1)","5 (0.0)","75905 (5.0)","101853 (6.7)","5800 (0.4)","675 (0.0)","227082 (14.8)","11045 (0.7)","490 (0.0)","36283 (2.4)","461 (0.0)","1558 (0.1)","302463 (19.8)","148 (0.0)","1157 (0.1)","1220 (0.1)","1062 (0.1)"
NA,"2","9383 (0.6)","43469 (3.0)","1838 (0.1)","198 (0.0)","23 (0.0)","115498 (8.0)","24927 (1.7)","824 (0.1)","3707 (0.3)","337918 (23.3)","31216 (2.1)","1464 (0.1)","85503 (5.9)","1556 (0.1)","3503 (0.2)","299 (0.0)","25 (0.0)","1 (0.0)","1219 (0.1)","728 (0.1)","4 (0.0)","4424 (0.3)","10964 (0.8)","18406 (1.3)","50 (0.0)","3 (0.0)","7733 (0.5)","705 (0.0)","26192 (1.8)","1 (0.0)","533 (0.0)","10 (0.0)","79267 (5.5)","97946 (6.7)","6519 (0.4)","734 (0.1)","263307 (18.1)","11442 (0.8)","641 (0.0)","41241 (2.8)","583 (0.0)","1967 (0.1)","213115 (14.7)","135 (0.0)","937 (0.1)","1005 (0.1)","1138 (0.1)"
NA,"3-5","10343 (0.5)","60902 (2.8)","1744 (0.1)","74 (0.0)","15 (0.0)","157925 (7.2)","7232 (0.3)","534 (0.0)","1334 (0.1)","366758 (16.8)","8716 (0.4)","850 (0.0)","19184 (0.9)","964 (0.0)","1838 (0.1)","416 (0.0)","8 (0.0)","0 (0.0)","1874 (0.1)","849 (0.0)","0 (0.0)","7906 (0.4)","23660 (1.1)","38159 (1.7)","65 (0.0)","2 (0.0)","17468 (0.8)","1506 (0.1)","102114 (4.7)","3 (0.0)","1077 (0.0)","6 (0.0)","272751 (12.5)","140447 (6.4)","2185 (0.1)","320 (0.0)","391318 (17.9)","3765 (0.2)","427 (0.0)","10198 (0.5)","423 (0.0)","1159 (0.1)","529640 (24.2)","87 (0.0)","1585 (0.1)","494 (0.0)","756 (0.0)"
NA,"6-10","1243 (0.6)","7288 (3.3)","108 (0.0)","4 (0.0)","0 (0.0)","10677 (4.8)","416 (0.2)","20 (0.0)","66 (0.0)","20074 (9.1)","420 (0.2)","41 (0.0)","944 (0.4)","43 (0.0)","77 (0.0)","79 (0.0)","0 (0.0)","0 (0.0)","249 (0.1)","65 (0.0)","1 (0.0)","1187 (0.5)","3122 (1.4)","3092 (1.4)","7 (0.0)","0 (0.0)","1193 (0.5)","209 (0.1)","15041 (6.8)","0 (0.0)","123 (0.1)","1 (0.0)","31138 (14.1)","10756 (4.9)","102 (0.0)","23 (0.0)","24907 (11.3)","234 (0.1)","22 (0.0)","1463 (0.7)","16 (0.0)","38 (0.0)","85993 (39.0)","15 (0.0)","135 (0.1)","42 (0.0)","23 (0.0)"
NA,"11-30","87 (0.4)","419 (1.8)","4 (0.0)","2 (0.0)","0 (0.0)","488 (2.1)","45 (0.2)","0 (0.0)","10 (0.0)","668 (2.9)","29 (0.1)","0 (0.0)","217 (0.9)","3 (0.0)","4 (0.0)","8 (0.0)","0 (0.0)","0 (0.0)","19 (0.1)","11 (0.0)","0 (0.0)","92 (0.4)","192 (0.8)","160 (0.7)","0 (0.0)","0 (0.0)","33 (0.1)","9 (0.0)","957 (4.2)","0 (0.0)","15 (0.1)","0 (0.0)","2152 (9.4)","490 (2.1)","17 (0.1)","12 (0.1)","1763 (7.7)","291 (1.3)","1 (0.0)","3384 (14.7)","0 (0.0)","5 (0.0)","11387 (49.5)","9 (0.0)","14 (0.1)","17 (0.1)","2 (0.0)"
NA,"31-100","38 (0.2)","131 (0.5)","1 (0.0)","2 (0.0)","0 (0.0)","74 (0.3)","11 (0.0)","0 (0.0)","5 (0.0)","209 (0.9)","8 (0.0)","0 (0.0)","194 (0.8)","0 (0.0)","2 (0.0)","0 (0.0)","0 (0.0)","0 (0.0)","15 (0.1)","4 (0.0)","1 (0.0)","26 (0.1)","36 (0.1)","31 (0.1)","0 (0.0)","0 (0.0)","8 (0.0)","1 (0.0)","918 (3.8)","0 (0.0)","3 (0.0)","0 (0.0)","2290 (9.5)","149 (0.6)","6 (0.0)","24 (0.1)","2336 (9.7)","676 (2.8)","0 (0.0)","5429 (22.4)","1 (0.0)","7 (0.0)","11511 (47.6)","9 (0.0)","17 (0.1)","22 (0.1)","1 (0.0)"
NA,"101+","32 (0.3)","83 (0.9)","0 (0.0)","0 (0.0)","0 (0.0)","84 (0.9)","11 (0.1)","0 (0.0)","5 (0.1)","284 (3.0)","8 (0.1)","0 (0.0)","36 (0.4)","0 (0.0)","0 (0.0)","2 (0.0)","0 (0.0)","0 (0.0)","6 (0.1)","4 (0.0)","0 (0.0)","29 (0.3)","38 (0.4)","36 (0.4)","0 (0.0)","0 (0.0)","11 (0.1)","5 (0.1)","310 (3.2)","0 (0.0)","7 (0.1)","0 (0.0)","844 (8.8)","171 (1.8)","1 (0.0)","5 (0.1)","838 (8.8)","134 (1.4)","0 (0.0)","798 (8.3)","0 (0.0)","0 (0.0)","5775 (60.4)","1 (0.0)","4 (0.0)","3 (0.0)","1 (0.0)"
"BMI","10-18.5","559 (0.8)","2193 (3.2)","45 (0.1)","9 (0.0)","2 (0.0)","3215 (4.8)","1109 (1.6)","34 (0.1)","218 (0.3)","7205 (10.7)","1205 (1.8)","60 (0.1)","3509 (5.2)","56 (0.1)","113 (0.2)","18 (0.0)","4 (0.0)","0 (0.0)","77 (0.1)","59 (0.1)","1 (0.0)","395 (0.6)","843 (1.2)","1075 (1.6)","4 (0.0)","0 (0.0)","460 (0.7)","56 (0.1)","3775 (5.6)","0 (0.0)","78 (0.1)","0 (0.0)","8973 (13.3)","3803 (5.6)","150 (0.2)","25 (0.0)","8967 (13.3)","369 (0.5)","16 (0.0)","1712 (2.5)","13 (0.0)","55 (0.1)","16942 (25.1)","5 (0.0)","67 (0.1)","64 (0.1)","51 (0.1)"
NA,"18.5-25","3257 (0.6)","16362 (3.0)","570 (0.1)","77 (0.0)","11 (0.0)","42051 (7.7)","12054 (2.2)","342 (0.1)","1960 (0.4)","99007 (18.1)","14800 (2.7)","639 (0.1)","37904 (6.9)","674 (0.1)","1403 (0.3)","149 (0.0)","14 (0.0)","1 (0.0)","577 (0.1)","342 (0.1)","2 (0.0)","2779 (0.5)","6935 (1.3)","12424 (2.3)","30 (0.0)","0 (0.0)","4858 (0.9)","363 (0.1)","9865 (1.8)","0 (0.0)","441 (0.1)","6 (0.0)","36541 (6.7)","49707 (9.1)","1984 (0.4)","265 (0.0)","108426 (19.8)","4287 (0.8)","229 (0.0)","16359 (3.0)","216 (0.0)","707 (0.1)","58160 (10.6)","36 (0.0)","489 (0.1)","486 (0.1)","513 (0.1)"
NA,"25-30","3077 (0.5)","19587 (2.9)","948 (0.1)","126 (0.0)","6 (0.0)","61803 (9.2)","16609 (2.5)","474 (0.1)","2566 (0.4)","170194 (25.3)","21697 (3.2)","921 (0.1)","56295 (8.4)","1014 (0.2)","2048 (0.3)","178 (0.0)","19 (0.0)","0 (0.0)","624 (0.1)","418 (0.1)","1 (0.0)","1772 (0.3)","4823 (0.7)","8889 (1.3)","28 (0.0)","3 (0.0)","3776 (0.6)","223 (0.0)","6218 (0.9)","1 (0.0)","258 (0.0)","2 (0.0)","26525 (3.9)","49401 (7.3)","3626 (0.5)","399 (0.1)","132748 (19.7)","7101 (1.1)","381 (0.1)","25911 (3.9)","348 (0.1)","1122 (0.2)","38292 (5.7)","26 (0.0)","479 (0.1)","651 (0.1)","700 (0.1)"
NA,"30-35","2015 (0.5)","13174 (3.1)","772 (0.2)","75 (0.0)","9 (0.0)","42563 (9.9)","8986 (2.1)","303 (0.1)","1333 (0.3)","126163 (29.3)","11673 (2.7)","540 (0.1)","31225 (7.3)","617 (0.1)","1289 (0.3)","94 (0.0)","10 (0.0)","0 (0.0)","435 (0.1)","260 (0.1)","0 (0.0)","869 (0.2)","2274 (0.5)","4068 (0.9)","15 (0.0)","1 (0.0)","1899 (0.4)","123 (0.0)","3281 (0.8)","0 (0.0)","114 (0.0)","1 (0.0)","14596 (3.4)","28617 (6.6)","2428 (0.6)","264 (0.1)","88946 (20.7)","4358 (1.0)","253 (0.1)","15285 (3.5)","239 (0.1)","749 (0.2)","19589 (4.5)","26 (0.0)","324 (0.1)","380 (0.1)","412 (0.1)"
NA,"35-40","997 (0.5)","6584 (3.3)","390 (0.2)","45 (0.0)","8 (0.0)","20610 (10.4)","3069 (1.6)","123 (0.1)","427 (0.2)","61814 (31.2)","4017 (2.0)","246 (0.1)","10807 (5.5)","235 (0.1)","574 (0.3)","46 (0.0)","2 (0.0)","0 (0.0)","224 (0.1)","94 (0.0)","0 (0.0)","407 (0.2)","1095 (0.6)","1853 (0.9)","7 (0.0)","0 (0.0)","964 (0.5)","75 (0.0)","1544 (0.8)","0 (0.0)","46 (0.0)","2 (0.0)","7057 (3.6)","13105 (6.6)","1011 (0.5)","121 (0.1)","43083 (21.8)","1655 (0.8)","112 (0.1)","5681 (2.9)","108 (0.1)","366 (0.2)","8731 (4.4)","10 (0.0)","156 (0.1)","169 (0.1)","171 (0.1)"
NA,"40+","993 (0.7)","6718 (5.0)","375 (0.3)","16 (0.0)","5 (0.0)","17927 (13.4)","1353 (1.0)","89 (0.1)","206 (0.2)","48116 (36.0)","1703 (1.3)","157 (0.1)","4710 (3.5)","134 (0.1)","324 (0.2)","46 (0.0)","0 (0.0)","0 (0.0)","205 (0.2)","99 (0.1)","0 (0.0)","224 (0.2)","394 (0.3)","567 (0.4)","3 (0.0)","1 (0.0)","224 (0.2)","30 (0.0)","874 (0.7)","1 (0.0)","28 (0.0)","0 (0.0)","3522 (2.6)","6867 (5.1)","438 (0.3)","49 (0.0)","27845 (20.8)","784 (0.6)","64 (0.0)","2560 (1.9)","50 (0.0)","208 (0.2)","5398 (4.0)","4 (0.0)","125 (0.1)","99 (0.1)","123 (0.1)"
"Smoking status","Non-smoker","9379 (0.4)","57607 (2.7)","2486 (0.1)","199 (0.0)","26 (0.0)","203564 (9.5)","27867 (1.3)","980 (0.0)","4276 (0.2)","485030 (22.7)","34513 (1.6)","1687 (0.1)","86337 (4.0)","1743 (0.1)","3549 (0.2)","542 (0.0)","31 (0.0)","0 (0.0)","1764 (0.1)","1056 (0.0)","2 (0.0)","8555 (0.4)","23091 (1.1)","43721 (2.0)","82 (0.0)","4 (0.0)","19445 (0.9)","1453 (0.1)","30531 (1.4)","3 (0.0)","1201 (0.1)","10 (0.0)","123477 (5.8)","183847 (8.6)","6353 (0.3)","817 (0.0)","443665 (20.8)","12048 (0.6)","741 (0.0)","39285 (1.8)","728 (0.0)","2022 (0.1)","265430 (12.4)","104 (0.0)","1726 (0.1)","1201 (0.1)","1415 (0.1)"
NA,"Ex-smoker","4796 (0.7)","23567 (3.5)","847 (0.1)","125 (0.0)","8 (0.0)","64350 (9.6)","18323 (2.7)","466 (0.1)","2707 (0.4)","164898 (24.7)","23375 (3.5)","888 (0.1)","62685 (9.4)","967 (0.1)","2011 (0.3)","136 (0.0)","20 (0.0)","0 (0.0)","643 (0.1)","461 (0.1)","1 (0.0)","1368 (0.2)","3481 (0.5)","5581 (0.8)","24 (0.0)","0 (0.0)","2252 (0.3)","151 (0.0)","5397 (0.8)","0 (0.0)","178 (0.0)","4 (0.0)","21499 (3.2)","41734 (6.2)","3958 (0.6)","442 (0.1)","111439 (16.7)","7585 (1.1)","352 (0.1)","27855 (4.2)","319 (0.0)","1028 (0.2)","60727 (9.1)","71 (0.0)","367 (0.1)","659 (0.1)","665 (0.1)"
NA,"Smoker","16172 (1.5)","67472 (6.2)","1612 (0.1)","116 (0.0)","14 (0.0)","111367 (10.2)","15027 (1.4)","564 (0.1)","2545 (0.2)","280587 (25.7)","17189 (1.6)","964 (0.1)","45381 (4.2)","1056 (0.1)","2158 (0.2)","383 (0.0)","18 (0.0)","1 (0.0)","1929 (0.2)","739 (0.1)","4 (0.0)","4421 (0.4)","9179 (0.8)","9677 (0.9)","38 (0.0)","1 (0.0)","3743 (0.3)","509 (0.0)","17078 (1.6)","0 (0.0)","347 (0.0)","4 (0.0)","57544 (5.3)","65053 (5.9)","3890 (0.4)","442 (0.0)","182805 (16.7)","6625 (0.6)","421 (0.0)","20994 (1.9)","367 (0.0)","1228 (0.1)","141145 (12.9)","162 (0.0)","858 (0.1)","772 (0.1)","770 (0.1)"
"Blood pressure","Normal","23882 (0.8)","114098 (3.9)","3992 (0.1)","345 (0.0)","39 (0.0)","275596 (9.4)","43365 (1.5)","1486 (0.1)","7628 (0.3)","726287 (24.9)","51851 (1.8)","2543 (0.1)","155475 (5.3)","2872 (0.1)","6402 (0.2)","798 (0.0)","50 (0.0)","0 (0.0)","3423 (0.1)","1802 (0.1)","5 (0.0)","9474 (0.3)","24629 (0.8)","39128 (1.3)","97 (0.0)","5 (0.0)","18873 (0.6)","1683 (0.1)","40112 (1.4)","2 (0.0)","1073 (0.0)","10 (0.0)","152810 (5.2)","207870 (7.1)","10546 (0.4)","1338 (0.0)","581876 (19.9)","17845 (0.6)","1107 (0.0)","70705 (2.4)","981 (0.0)","3633 (0.1)","306707 (10.5)","263 (0.0)","2340 (0.1)","2092 (0.1)","2192 (0.1)"
NA,"Low","594 (0.8)","2921 (3.8)","58 (0.1)","5 (0.0)","1 (0.0)","6865 (8.9)","638 (0.8)","29 (0.0)","72 (0.1)","12961 (16.9)","810 (1.1)","59 (0.1)","1799 (2.3)","55 (0.1)","84 (0.1)","16 (0.0)","1 (0.0)","0 (0.0)","90 (0.1)","52 (0.1)","0 (0.0)","396 (0.5)","965 (1.3)","1660 (2.2)","2 (0.0)","0 (0.0)","531 (0.7)","32 (0.0)","2202 (2.9)","0 (0.0)","43 (0.1)","0 (0.0)","7688 (10.0)","6082 (7.9)","127 (0.2)","14 (0.0)","16077 (21.0)","321 (0.4)","14 (0.0)","913 (1.2)","35 (0.0)","38 (0.0)","12321 (16.1)","8 (0.0)","59 (0.1)","38 (0.0)","29 (0.0)"
NA,"High","4135 (0.9)","20559 (4.2)","698 (0.1)","79 (0.0)","7 (0.0)","58546 (12.1)","13711 (2.8)","355 (0.1)","1403 (0.3)","143082 (29.6)","18309 (3.8)","711 (0.1)","30962 (6.4)","664 (0.1)","1014 (0.2)","104 (0.0)","11 (0.0)","1 (0.0)","504 (0.1)","290 (0.1)","0 (0.0)","742 (0.2)","1730 (0.4)","2895 (0.6)","15 (0.0)","0 (0.0)","1084 (0.2)","58 (0.0)","3338 (0.7)","0 (0.0)","95 (0.0)","5 (0.0)","13293 (2.7)","28238 (5.8)","2843 (0.6)","279 (0.1)","77643 (16.0)","6789 (1.4)","308 (0.1)","14680 (3.0)","325 (0.1)","546 (0.1)","32939 (6.8)","47 (0.0)","276 (0.1)","393 (0.1)","473 (0.1)"
NA,"Very high","1175 (1.2)","5291 (5.2)","165 (0.2)","17 (0.0)","1 (0.0)","12310 (12.1)","3084 (3.0)","96 (0.1)","355 (0.3)","29111 (28.7)","3955 (3.9)","171 (0.2)","6964 (6.9)","152 (0.1)","251 (0.2)","32 (0.0)","6 (0.0)","0 (0.0)","120 (0.1)","80 (0.1)","1 (0.0)","147 (0.1)","287 (0.3)","424 (0.4)","5 (0.0)","0 (0.0)","159 (0.2)","6 (0.0)","688 (0.7)","0 (0.0)","25 (0.0)","0 (0.0)","2641 (2.6)","5393 (5.3)","560 (0.6)","56 (0.1)","14388 (14.2)","1394 (1.4)","58 (0.1)","3513 (3.5)","65 (0.1)","106 (0.1)","8003 (7.9)","16 (0.0)","51 (0.1)","90 (0.1)","102 (0.1)"
"Housing category","Neither","35655 (0.7)","171421 (3.2)","5409 (0.1)","466 (0.0)","56 (0.0)","408646 (7.5)","62715 (1.2)","2109 (0.0)","9677 (0.2)","1027184 (18.9)","76828 (1.4)","3644 (0.1)","204444 (3.8)","3930 (0.1)","8391 (0.2)","1276 (0.0)","76 (0.0)","2 (0.0)","5288 (0.1)","2589 (0.0)","8 (0.0)","20318 (0.4)","50553 (0.9)","80242 (1.5)","171 (0.0)","7 (0.0)","34452 (0.6)","3232 (0.1)","171228 (3.2)","4 (0.0)","2624 (0.0)","22 (0.0)","463914 (8.6)","351663 (6.5)","14617 (0.3)","1733 (0.0)","907813 (16.7)","26411 (0.5)","1580 (0.0)","86668 (1.6)","1478 (0.0)","4717 (0.1)","1159103 (21.4)","398 (0.0)","3816 (0.1)","2660 (0.0)","2970 (0.1)"
NA,"Care home","68 (0.3)","288 (1.1)","9 (0.0)","5 (0.0)","0 (0.0)","418 (1.6)","78 (0.3)","0 (0.0)","132 (0.5)","2093 (8.2)","326 (1.3)","4 (0.0)","3405 (13.3)","9 (0.0)","14 (0.1)","0 (0.0)","0 (0.0)","0 (0.0)","61 (0.2)","77 (0.3)","0 (0.0)","6 (0.0)","7 (0.0)","8 (0.0)","0 (0.0)","0 (0.0)","4 (0.0)","2 (0.0)","124 (0.5)","0 (0.0)","2 (0.0)","0 (0.0)","400 (1.6)","129 (0.5)","13 (0.1)","60 (0.2)","3711 (14.5)","1175 (4.6)","1 (0.0)","12128 (47.5)","6 (0.0)","17 (0.1)","574 (2.2)","6 (0.0)","31 (0.1)","143 (0.6)","13 (0.1)"
NA,"Homeless","44 (5.8)","77 (10.1)","0 (0.0)","0 (0.0)","0 (0.0)","127 (16.7)","0 (0.0)","0 (0.0)","1 (0.1)","52 (6.8)","4 (0.5)","0 (0.0)","4 (0.5)","0 (0.0)","0 (0.0)","4 (0.5)","0 (0.0)","0 (0.0)","1 (0.1)","1 (0.1)","0 (0.0)","46 (6.1)","41 (5.4)","29 (3.8)","0 (0.0)","0 (0.0)","4 (0.5)","2 (0.3)","31 (4.1)","0 (0.0)","2 (0.3)","0 (0.0)","33 (4.3)","20 (2.6)","0 (0.0)","0 (0.0)","27 (3.6)","1 (0.1)","0 (0.0)","0 (0.0)","0 (0.0)","0 (0.0)","206 (27.2)","0 (0.0)","2 (0.3)","0 (0.0)","0 (0.0)"
"Learning disability/Down's syndrome","Neither","35231 (0.7)","169348 (3.1)","5352 (0.1)","469 (0.0)","54 (0.0)","402514 (7.5)","62287 (1.2)","2091 (0.0)","9667 (0.2)","1015311 (18.9)","76708 (1.4)","3627 (0.1)","206071 (3.8)","3904 (0.1)","8344 (0.2)","1258 (0.0)","75 (0.0)","2 (0.0)","5251 (0.1)","2613 (0.0)","7 (0.0)","20080 (0.4)","50005 (0.9)","79367 (1.5)","168 (0.0)","7 (0.0)","34113 (0.6)","3202 (0.1)","167602 (3.1)","4 (0.0)","2601 (0.0)","22 (0.0)","455605 (8.5)","348679 (6.5)","14526 (0.3)","1765 (0.0)","901583 (16.8)","27377 (0.5)","1570 (0.0)","97579 (1.8)","1473 (0.0)","4698 (0.1)","1145134 (21.3)","399 (0.0)","3800 (0.1)","2764 (0.1)","2962 (0.1)"
NA,"Down's syndrome","2 (0.1)","61 (2.6)","2 (0.1)","0 (0.0)","1 (0.0)","193 (8.3)","21 (0.9)","2 (0.1)","5 (0.2)","711 (30.6)","32 (1.4)","0 (0.0)","68 (2.9)","3 (0.1)","3 (0.1)","1 (0.0)","0 (0.0)","0 (0.0)","4 (0.2)","0 (0.0)","0 (0.0)","3 (0.1)","1 (0.0)","0 (0.0)","0 (0.0)","0 (0.0)","2 (0.1)","0 (0.0)","83 (3.6)","0 (0.0)","1 (0.0)","0 (0.0)","245 (10.6)","33 (1.4)","4 (0.2)","1 (0.0)","370 (15.9)","18 (0.8)","0 (0.0)","70 (3.0)","0 (0.0)","1 (0.0)","376 (16.2)","0 (0.0)","2 (0.1)","2 (0.1)","1 (0.0)"
NA,"Learning disability","534 (0.8)","2377 (3.4)","64 (0.1)","2 (0.0)","1 (0.0)","6484 (9.4)","485 (0.7)","16 (0.0)","138 (0.2)","13307 (19.3)","418 (0.6)","21 (0.0)","1714 (2.5)","32 (0.0)","58 (0.1)","21 (0.0)","1 (0.0)","0 (0.0)","95 (0.1)","54 (0.1)","1 (0.0)","287 (0.4)","595 (0.9)","912 (1.3)","3 (0.0)","0 (0.0)","345 (0.5)","34 (0.0)","3698 (5.4)","0 (0.0)","26 (0.0)","0 (0.0)","8497 (12.3)","3100 (4.5)","100 (0.1)","27 (0.0)","9598 (13.9)","192 (0.3)","11 (0.0)","1147 (1.7)","11 (0.0)","35 (0.1)","14374 (20.9)","5 (0.0)","47 (0.1)","37 (0.1)","20 (0.0)"
"Chronic Kidney Disease","No CKD","35306 (0.7)","168587 (3.2)","5184 (0.1)","404 (0.0)","51 (0.0)","401647 (7.6)","51438 (1.0)","1798 (0.0)","7871 (0.1)","1000912 (19.0)","62553 (1.2)","3068 (0.1)","163931 (3.1)","3249 (0.1)","6846 (0.1)","1253 (0.0)","58 (0.0)","2 (0.0)","5211 (0.1)","2513 (0.0)","6 (0.0)","20319 (0.4)","50555 (1.0)","80244 (1.5)","168 (0.0)","7 (0.0)","34449 (0.7)","3234 (0.1)","171124 (3.2)","3 (0.0)","2603 (0.0)","20 (0.0)","463219 (8.8)","347057 (6.6)","13106 (0.2)","1615 (0.0)","893370 (16.9)","24065 (0.5)","1376 (0.0)","81732 (1.5)","1252 (0.0)","4009 (0.1)","1157379 (21.9)","396 (0.0)","3747 (0.1)","2299 (0.0)","2508 (0.0)"
NA,"CKD 3","461 (0.3)","3199 (1.9)","234 (0.1)","67 (0.0)","5 (0.0)","7544 (4.5)","11353 (6.8)","311 (0.2)","1939 (1.2)","28410 (17.0)","14598 (8.8)","580 (0.3)","43922 (26.3)","690 (0.4)","1558 (0.9)","27 (0.0)","18 (0.0)","0 (0.0)","139 (0.1)","154 (0.1)","2 (0.0)","51 (0.0)","46 (0.0)","35 (0.0)","3 (0.0)","0 (0.0)","11 (0.0)","2 (0.0)","259 (0.2)","1 (0.0)","25 (0.0)","2 (0.0)","1128 (0.7)","4755 (2.9)","1524 (0.9)","178 (0.1)","18180 (10.9)","3520 (2.1)","202 (0.1)","17064 (10.2)","232 (0.1)","725 (0.4)","2504 (1.5)","8 (0.0)","102 (0.1)","504 (0.3)","475 (0.3)"
NA,"CKD 4","0 (0.0)","0 (0.0)","0 (0.0)","0 (0.0)","0 (0.0)","0 (0.0)","2 (10.5)","0 (0.0)","0 (0.0)","7 (36.8)","7 (36.8)","0 (0.0)","0 (0.0)","0 (0.0)","0 (0.0)","0 (0.0)","0 (0.0)","0 (0.0)","0 (0.0)","0 (0.0)","0 (0.0)","0 (0.0)","0 (0.0)","0 (0.0)","0 (0.0)","0 (0.0)","0 (0.0)","0 (0.0)","0 (0.0)","0 (0.0)","0 (0.0)","0 (0.0)","0 (0.0)","0 (0.0)","0 (0.0)","0 (0.0)","0 (0.0)","1 (5.3)","2 (10.5)","0 (0.0)","0 (0.0)","0 (0.0)","0 (0.0)","0 (0.0)","0 (0.0)","0 (0.0)","0 (0.0)"
NA,"CKD 5","0 (0.0)","0 (0.0)","0 (0.0)","0 (0.0)","0 (0.0)","0 (0.0)","0 (0.0)","0 (0.0)","0 (0.0)","0 (0.0)","0 (0.0)","0 (0.0)","0 (0.0)","0 (0.0)","1 (25.0)","0 (0.0)","0 (0.0)","0 (0.0)","0 (0.0)","0 (0.0)","0 (0.0)","0 (0.0)","0 (0.0)","0 (0.0)","0 (0.0)","0 (0.0)","0 (0.0)","0 (0.0)","0 (0.0)","0 (0.0)","0 (0.0)","0 (0.0)","0 (0.0)","0 (0.0)","0 (0.0)","0 (0.0)","1 (25.0)","1 (25.0)","1 (25.0)","0 (0.0)","0 (0.0)","0 (0.0)","0 (0.0)","0 (0.0)","0 (0.0)","0 (0.0)","0 (0.0)"
"Atrial Fibrillation","","310 (0.3)","2441 (2.1)","132 (0.1)","45 (0.0)","0 (0.0)","6825 (6.0)","7345 (6.4)","122 (0.1)","1182 (1.0)","23012 (20.1)","9057 (7.9)","243 (0.2)","27091 (23.7)","258 (0.2)","612 (0.5)","22 (0.0)","15 (0.0)","0 (0.0)","107 (0.1)","126 (0.1)","1 (0.0)","39 (0.0)","47 (0.0)","30 (0.0)","1 (0.0)","0 (0.0)","10 (0.0)","3 (0.0)","202 (0.2)","0 (0.0)","13 (0.0)","1 (0.0)","820 (0.7)","4010 (3.5)","1014 (0.9)","120 (0.1)","13704 (12.0)","2205 (1.9)","81 (0.1)","9973 (8.7)","73 (0.1)","269 (0.2)","2134 (1.9)","10 (0.0)","87 (0.1)","262 (0.2)","191 (0.2)"
"Asthma","","3572 (0.7)","18477 (3.4)","1138 (0.2)","109 (0.0)","16 (0.0)","46614 (8.6)","6814 (1.3)","253 (0.0)","1029 (0.2)","122783 (22.7)","8437 (1.6)","465 (0.1)","22874 (4.2)","528 (0.1)","1162 (0.2)","139 (0.0)","9 (0.0)","0 (0.0)","695 (0.1)","340 (0.1)","1 (0.0)","1968 (0.4)","5183 (1.0)","8292 (1.5)","15 (0.0)","0 (0.0)","4162 (0.8)","370 (0.1)","14898 (2.8)","1 (0.0)","230 (0.0)","1 (0.0)","45067 (8.3)","36478 (6.8)","1425 (0.3)","187 (0.0)","110789 (20.5)","2892 (0.5)","198 (0.0)","10351 (1.9)","160 (0.0)","675 (0.1)","59795 (11.1)","43 (0.0)","481 (0.1)","380 (0.1)","382 (0.1)"
"Blood cancer","","80 (0.4)","559 (2.7)","32 (0.2)","10 (0.0)","7 (0.0)","768 (3.7)","1282 (6.2)","293 (1.4)","194 (0.9)","2246 (10.9)","1568 (7.6)","516 (2.5)","3890 (18.9)","584 (2.8)","1161 (5.7)","6 (0.0)","0 (0.0)","0 (0.0)","18 (0.1)","11 (0.1)","1 (0.0)","14 (0.1)","29 (0.1)","24 (0.1)","8 (0.0)","0 (0.0)","6 (0.0)","0 (0.0)","112 (0.5)","0 (0.0)","1 (0.0)","1 (0.0)","377 (1.8)","255 (1.2)","395 (1.9)","57 (0.3)","1216 (5.9)","612 (3.0)","232 (1.1)","1857 (9.0)","219 (1.1)","558 (2.7)","824 (4.0)","0 (0.0)","4 (0.0)","96 (0.5)","405 (2.0)"
"Congestive Cardiac Failure","","184 (0.4)","1343 (2.9)","74 (0.2)","13 (0.0)","0 (0.0)","3412 (7.2)","2886 (6.1)","42 (0.1)","483 (1.0)","10640 (22.6)","3135 (6.7)","92 (0.2)","10258 (21.8)","105 (0.2)","295 (0.6)","14 (0.0)","1 (0.0)","0 (0.0)","53 (0.1)","50 (0.1)","2 (0.0)","34 (0.1)","20 (0.0)","21 (0.0)","0 (0.0)","0 (0.0)","8 (0.0)","1 (0.0)","131 (0.3)","0 (0.0)","7 (0.0)","0 (0.0)","456 (1.0)","1584 (3.4)","403 (0.9)","36 (0.1)","5288 (11.2)","810 (1.7)","37 (0.1)","3679 (7.8)","31 (0.1)","95 (0.2)","1109 (2.4)","1 (0.0)","43 (0.1)","106 (0.2)","90 (0.2)"
"Cerebral Palsy","","49 (0.7)","297 (4.3)","10 (0.1)","1 (0.0)","0 (0.0)","1036 (15.1)","44 (0.6)","1 (0.0)","7 (0.1)","2300 (33.6)","44 (0.6)","4 (0.1)","206 (3.0)","1 (0.0)","8 (0.1)","3 (0.0)","0 (0.0)","0 (0.0)","16 (0.2)","7 (0.1)","0 (0.0)","9 (0.1)","14 (0.2)","12 (0.2)","0 (0.0)","0 (0.0)","6 (0.1)","1 (0.0)","178 (2.6)","0 (0.0)","3 (0.0)","0 (0.0)","500 (7.3)","170 (2.5)","6 (0.1)","2 (0.0)","905 (13.2)","17 (0.2)","0 (0.0)","140 (2.0)","0 (0.0)","4 (0.1)","831 (12.1)","0 (0.0)","7 (0.1)","3 (0.0)","4 (0.1)"
"Coronary heart disease","","873 (0.5)","5192 (2.7)","336 (0.2)","59 (0.0)","4 (0.0)","14404 (7.6)","9494 (5.0)","170 (0.1)","1561 (0.8)","45950 (24.1)","12317 (6.5)","328 (0.2)","34239 (18.0)","381 (0.2)","854 (0.4)","37 (0.0)","12 (0.0)","0 (0.0)","188 (0.1)","173 (0.1)","1 (0.0)","91 (0.0)","79 (0.0)","62 (0.0)","4 (0.0)","0 (0.0)","26 (0.0)","3 (0.0)","455 (0.2)","0 (0.0)","18 (0.0)","1 (0.0)","1782 (0.9)","8640 (4.5)","1694 (0.9)","192 (0.1)","27509 (14.4)","3509 (1.8)","118 (0.1)","14055 (7.4)","116 (0.1)","386 (0.2)","4508 (2.4)","13 (0.0)","146 (0.1)","376 (0.2)","247 (0.1)"
"Liver cirrhosis","","122 (1.1)","534 (4.9)","24 (0.2)","3 (0.0)","0 (0.0)","1450 (13.4)","395 (3.6)","42 (0.4)","60 (0.6)","2854 (26.4)","385 (3.6)","75 (0.7)","871 (8.0)","79 (0.7)","132 (1.2)","8 (0.1)","2 (0.0)","0 (0.0)","20 (0.2)","12 (0.1)","0 (0.0)","18 (0.2)","13 (0.1)","13 (0.1)","1 (0.0)","0 (0.0)","5 (0.0)","0 (0.0)","54 (0.5)","0 (0.0)","1 (0.0)","1 (0.0)","182 (1.7)","590 (5.4)","101 (0.9)","18 (0.2)","1477 (13.6)","152 (1.4)","31 (0.3)","477 (4.4)","21 (0.2)","57 (0.5)","442 (4.1)","4 (0.0)","17 (0.2)","26 (0.2)","57 (0.5)"
"Congenital heart disease","","205 (0.8)","1214 (4.8)","57 (0.2)","3 (0.0)","2 (0.0)","2904 (11.4)","215 (0.8)","6 (0.0)","35 (0.1)","6418 (25.2)","273 (1.1)","19 (0.1)","678 (2.7)","15 (0.1)","43 (0.2)","8 (0.0)","0 (0.0)","0 (0.0)","29 (0.1)","21 (0.1)","0 (0.0)","46 (0.2)","48 (0.2)","57 (0.2)","0 (0.0)","0 (0.0)","16 (0.1)","5 (0.0)","801 (3.2)","0 (0.0)","4 (0.0)","0 (0.0)","2307 (9.1)","952 (3.7)","52 (0.2)","4 (0.0)","3958 (15.6)","122 (0.5)","4 (0.0)","372 (1.5)","10 (0.0)","25 (0.1)","4449 (17.5)","1 (0.0)","16 (0.1)","11 (0.0)","19 (0.1)"
"COPD","","1031 (0.9)","5228 (4.4)","257 (0.2)","49 (0.0)","3 (0.0)","12058 (10.2)","5359 (4.5)","139 (0.1)","871 (0.7)","32036 (27.1)","5731 (4.8)","225 (0.2)","17012 (14.4)","283 (0.2)","590 (0.5)","45 (0.0)","5 (0.0)","0 (0.0)","167 (0.1)","129 (0.1)","3 (0.0)","81 (0.1)","61 (0.1)","48 (0.0)","0 (0.0)","0 (0.0)","13 (0.0)","2 (0.0)","416 (0.4)","0 (0.0)","18 (0.0)","1 (0.0)","1591 (1.3)","4727 (4.0)","821 (0.7)","99 (0.1)","16803 (14.2)","1676 (1.4)","62 (0.1)","6156 (5.2)","68 (0.1)","261 (0.2)","3724 (3.1)","16 (0.0)","121 (0.1)","233 (0.2)","200 (0.2)"
"Dementia","","55 (0.2)","464 (2.0)","13 (0.1)","6 (0.0)","0 (0.0)","704 (3.0)","1340 (5.7)","6 (0.0)","348 (1.5)","2784 (11.9)","1344 (5.8)","10 (0.0)","5528 (23.7)","12 (0.1)","54 (0.2)","4 (0.0)","7 (0.0)","0 (0.0)","32 (0.1)","43 (0.2)","1 (0.0)","6 (0.0)","4 (0.0)","3 (0.0)","0 (0.0)","0 (0.0)","2 (0.0)","1 (0.0)","53 (0.2)","0 (0.0)","4 (0.0)","0 (0.0)","226 (1.0)","310 (1.3)","99 (0.4)","43 (0.2)","2317 (9.9)","771 (3.3)","3 (0.0)","6265 (26.8)","5 (0.0)","22 (0.1)","359 (1.5)","4 (0.0)","28 (0.1)","85 (0.4)","8 (0.0)"
"Diabetes Type 1","","1072 (1.6)","4337 (6.3)","145 (0.2)","7 (0.0)","0 (0.0)","9427 (13.7)","931 (1.4)","35 (0.1)","175 (0.3)","23061 (33.5)","1005 (1.5)","72 (0.1)","3410 (4.9)","75 (0.1)","123 (0.2)","37 (0.1)","1 (0.0)","0 (0.0)","145 (0.2)","73 (0.1)","1 (0.0)","138 (0.2)","189 (0.3)","146 (0.2)","2 (0.0)","0 (0.0)","41 (0.1)","7 (0.0)","1068 (1.6)","0 (0.0)","18 (0.0)","1 (0.0)","2800 (4.1)","2088 (3.0)","220 (0.3)","27 (0.0)","8867 (12.9)","494 (0.7)","32 (0.0)","2084 (3.0)","17 (0.0)","73 (0.1)","6253 (9.1)","6 (0.0)","69 (0.1)","51 (0.1)","68 (0.1)"
"Diabetes Type 2","","1364 (0.6)","6941 (3.1)","267 (0.1)","40 (0.0)","5 (0.0)","15709 (7.1)","6132 (2.8)","137 (0.1)","1070 (0.5)","46725 (21.0)","7120 (3.2)","249 (0.1)","23534 (10.6)","250 (0.1)","702 (0.3)","52 (0.0)","10 (0.0)","0 (0.0)","273 (0.1)","202 (0.1)","1 (0.0)","697 (0.3)","1658 (0.7)","2339 (1.1)","2 (0.0)","0 (0.0)","1376 (0.6)","141 (0.1)","5058 (2.3)","0 (0.0)","67 (0.0)","2 (0.0)","15157 (6.8)","12219 (5.5)","948 (0.4)","116 (0.1)","37468 (16.9)","2100 (0.9)","93 (0.0)","10685 (4.8)","88 (0.0)","342 (0.2)","20237 (9.1)","22 (0.0)","208 (0.1)","289 (0.1)","234 (0.1)"
"Epilepsy","","41 (1.0)","265 (6.7)","8 (0.2)","0 (0.0)","0 (0.0)","386 (9.8)","461 (11.7)","15 (0.4)","93 (2.4)","435 (11.1)","252 (6.4)","4 (0.1)","401 (10.2)","6 (0.2)","10 (0.3)","1 (0.0)","0 (0.0)","0 (0.0)","11 (0.3)","3 (0.1)","0 (0.0)","14 (0.4)","20 (0.5)","13 (0.3)","2 (0.1)","1 (0.0)","3 (0.1)","1 (0.0)","54 (1.4)","0 (0.0)","2 (0.1)","0 (0.0)","106 (2.7)","143 (3.6)","133 (3.4)","26 (0.7)","225 (5.7)","149 (3.8)","5 (0.1)","207 (5.3)","4 (0.1)","6 (0.2)","400 (10.2)","0 (0.0)","5 (0.1)","12 (0.3)","12 (0.3)"
"Hip, wrist, spine, humerus fracture","","11 (0.6)","62 (3.2)","5 (0.3)","2 (0.1)","1 (0.1)","91 (4.7)","124 (6.4)","18 (0.9)","18 (0.9)","250 (13.0)","140 (7.3)","17 (0.9)","282 (14.6)","27 (1.4)","45 (2.3)","0 (0.0)","1 (0.1)","0 (0.0)","2 (0.1)","2 (0.1)","0 (0.0)","6 (0.3)","5 (0.3)","3 (0.2)","2 (0.1)","0 (0.0)","3 (0.2)","1 (0.1)","28 (1.5)","0 (0.0)","1 (0.1)","0 (0.0)","110 (5.7)","28 (1.5)","32 (1.7)","2 (0.1)","127 (6.6)","70 (3.6)","6 (0.3)","134 (7.0)","8 (0.4)","26 (1.3)","212 (11.0)","0 (0.0)","0 (0.0)","5 (0.3)","21 (1.1)"
"HIV/AIDS","","120 (0.6)","665 (3.5)","53 (0.3)","3 (0.0)","1 (0.0)","2308 (12.3)","433 (2.3)","71 (0.4)","93 (0.5)","6442 (34.3)","449 (2.4)","85 (0.5)","1715 (9.1)","107 (0.6)","208 (1.1)","9 (0.0)","0 (0.0)","0 (0.0)","26 (0.1)","27 (0.1)","0 (0.0)","11 (0.1)","29 (0.2)","28 (0.1)","1 (0.0)","0 (0.0)","9 (0.0)","2 (0.0)","68 (0.4)","0 (0.0)","3 (0.0)","1 (0.0)","248 (1.3)","681 (3.6)","109 (0.6)","15 (0.1)","2662 (14.2)","223 (1.2)","35 (0.2)","921 (4.9)","37 (0.2)","79 (0.4)","686 (3.7)","2 (0.0)","13 (0.1)","54 (0.3)","65 (0.3)"
"Severe combine immunodeficiency","","30 (0.3)","193 (2.0)","10 (0.1)","0 (0.0)","0 (0.0)","616 (6.3)","498 (5.1)","6 (0.1)","91 (0.9)","2137 (22.0)","546 (5.6)","13 (0.1)","2175 (22.4)","7 (0.1)","34 (0.4)","4 (0.0)","0 (0.0)","0 (0.0)","10 (0.1)","11 (0.1)","0 (0.0)","5 (0.1)","3 (0.0)","5 (0.1)","0 (0.0)","0 (0.0)","1 (0.0)","1 (0.0)","10 (0.1)","0 (0.0)","1 (0.0)","0 (0.0)","56 (0.6)","370 (3.8)","93 (1.0)","13 (0.1)","1209 (12.5)","186 (1.9)","3 (0.0)","1139 (11.7)","2 (0.0)","19 (0.2)","161 (1.7)","0 (0.0)","19 (0.2)","24 (0.2)","7 (0.1)"
"Neurological conditions","","23 (0.3)","161 (2.2)","8 (0.1)","6 (0.1)","0 (0.0)","559 (7.8)","594 (8.3)","18 (0.3)","93 (1.3)","1395 (19.4)","632 (8.8)","32 (0.4)","1493 (20.7)","48 (0.7)","102 (1.4)","2 (0.0)","0 (0.0)","0 (0.0)","3 (0.0)","7 (0.1)","0 (0.0)","2 (0.0)","2 (0.0)","2 (0.0)","0 (0.0)","0 (0.0)","1 (0.0)","0 (0.0)","34 (0.5)","0 (0.0)","1 (0.0)","0 (0.0)","137 (1.9)","169 (2.3)","65 (0.9)","4 (0.1)","604 (8.4)","157 (2.2)","14 (0.2)","456 (6.3)","15 (0.2)","34 (0.5)","275 (3.8)","1 (0.0)","8 (0.1)","16 (0.2)","25 (0.3)"
"Parkinson’s","","118 (0.5)","616 (2.6)","65 (0.3)","15 (0.1)","0 (0.0)","2152 (8.9)","1497 (6.2)","54 (0.2)","201 (0.8)","5574 (23.2)","1533 (6.4)","84 (0.3)","4062 (16.9)","123 (0.5)","237 (1.0)","6 (0.0)","1 (0.0)","0 (0.0)","26 (0.1)","17 (0.1)","0 (0.0)","18 (0.1)","19 (0.1)","14 (0.1)","0 (0.0)","0 (0.0)","9 (0.0)","1 (0.0)","125 (0.5)","0 (0.0)","7 (0.0)","0 (0.0)","386 (1.6)","824 (3.4)","223 (0.9)","13 (0.1)","3084 (12.8)","382 (1.6)","44 (0.2)","1462 (6.1)","30 (0.1)","102 (0.4)","771 (3.2)","1 (0.0)","22 (0.1)","52 (0.2)","80 (0.3)"
"Pulmonary hypertension","","73 (0.6)","449 (3.8)","21 (0.2)","3 (0.0)","0 (0.0)","895 (7.5)","620 (5.2)","9 (0.1)","84 (0.7)","3030 (25.5)","761 (6.4)","31 (0.3)","1896 (15.9)","29 (0.2)","60 (0.5)","1 (0.0)","4 (0.0)","0 (0.0)","12 (0.1)","15 (0.1)","1 (0.0)","6 (0.1)","6 (0.1)","8 (0.1)","0 (0.0)","0 (0.0)","4 (0.0)","1 (0.0)","37 (0.3)","0 (0.0)","1 (0.0)","0 (0.0)","140 (1.2)","476 (4.0)","113 (0.9)","6 (0.1)","1543 (13.0)","252 (2.1)","13 (0.1)","839 (7.1)","5 (0.0)","28 (0.2)","363 (3.0)","3 (0.0)","11 (0.1)","29 (0.2)","22 (0.2)"
"Cystic fibrosis, bronchiectasis or alveolitis","","505 (0.6)","2866 (3.2)","200 (0.2)","56 (0.1)","14 (0.0)","6670 (7.5)","4070 (4.6)","554 (0.6)","589 (0.7)","17690 (19.9)","5067 (5.7)","929 (1.0)","12226 (13.7)","1004 (1.1)","2151 (2.4)","20 (0.0)","4 (0.0)","0 (0.0)","105 (0.1)","46 (0.1)","2 (0.0)","88 (0.1)","215 (0.2)","348 (0.4)","40 (0.0)","3 (0.0)","146 (0.2)","20 (0.0)","506 (0.6)","0 (0.0)","12 (0.0)","3 (0.0)","1966 (2.2)","2984 (3.4)","1254 (1.4)","179 (0.2)","10380 (11.7)","2390 (2.7)","441 (0.5)","6473 (7.3)","399 (0.4)","1314 (1.5)","3860 (4.3)","2 (0.0)","40 (0.0)","347 (0.4)","771 (0.9)"
"Peripheral vascular disease","","22 (0.4)","200 (3.7)","11 (0.2)","0 (0.0)","1 (0.0)","528 (9.7)","278 (5.1)","26 (0.5)","46 (0.8)","1337 (24.6)","346 (6.4)","40 (0.7)","717 (13.2)","53 (1.0)","82 (1.5)","2 (0.0)","0 (0.0)","0 (0.0)","6 (0.1)","5 (0.1)","0 (0.0)","4 (0.1)","4 (0.1)","6 (0.1)","1 (0.0)","0 (0.0)","5 (0.1)","0 (0.0)","16 (0.3)","0 (0.0)","2 (0.0)","0 (0.0)","79 (1.5)","200 (3.7)","72 (1.3)","4 (0.1)","678 (12.5)","110 (2.0)","14 (0.3)","295 (5.4)","12 (0.2)","32 (0.6)","142 (2.6)","1 (0.0)","2 (0.0)","24 (0.4)","40 (0.7)"
"SLE or rheumatoid arthritis","","371 (1.9)","1419 (7.4)","30 (0.2)","2 (0.0)","0 (0.0)","2874 (14.9)","237 (1.2)","6 (0.0)","52 (0.3)","6492 (33.8)","306 (1.6)","11 (0.1)","894 (4.7)","15 (0.1)","28 (0.1)","9 (0.0)","1 (0.0)","0 (0.0)","69 (0.4)","24 (0.1)","0 (0.0)","59 (0.3)","55 (0.3)","49 (0.3)","1 (0.0)","0 (0.0)","15 (0.1)","4 (0.0)","218 (1.1)","0 (0.0)","7 (0.0)","0 (0.0)","443 (2.3)","674 (3.5)","50 (0.3)","16 (0.1)","2051 (10.7)","144 (0.7)","8 (0.0)","674 (3.5)","2 (0.0)","12 (0.1)","1838 (9.6)","1 (0.0)","30 (0.2)","26 (0.1)","8 (0.0)"
"Lung, oral cancer","","2 (0.7)","13 (4.3)","0 (0.0)","0 (0.0)","0 (0.0)","40 (13.1)","2 (0.7)","0 (0.0)","1 (0.3)","33 (10.8)","2 (0.7)","0 (0.0)","4 (1.3)","0 (0.0)","0 (0.0)","1 (0.3)","0 (0.0)","0 (0.0)","0 (0.0)","0 (0.0)","0 (0.0)","0 (0.0)","4 (1.3)","0 (0.0)","0 (0.0)","0 (0.0)","0 (0.0)","0 (0.0)","13 (4.3)","0 (0.0)","0 (0.0)","0 (0.0)","33 (10.8)","15 (4.9)","2 (0.7)","0 (0.0)","31 (10.2)","2 (0.7)","0 (0.0)","2 (0.7)","0 (0.0)","0 (0.0)","102 (33.6)","0 (0.0)","1 (0.3)","1 (0.3)","0 (0.0)"
"Severe mental illness","","627 (0.5)","3390 (2.9)","160 (0.1)","41 (0.0)","3 (0.0)","8101 (7.0)","6348 (5.5)","104 (0.1)","1060 (0.9)","26372 (22.8)","7151 (6.2)","197 (0.2)","22707 (19.6)","215 (0.2)","505 (0.4)","30 (0.0)","10 (0.0)","0 (0.0)","150 (0.1)","155 (0.1)","0 (0.0)","52 (0.0)","47 (0.0)","49 (0.0)","3 (0.0)","0 (0.0)","14 (0.0)","2 (0.0)","307 (0.3)","0 (0.0)","21 (0.0)","0 (0.0)","1277 (1.1)","4595 (4.0)","895 (0.8)","117 (0.1)","15241 (13.2)","2008 (1.7)","60 (0.1)","9908 (8.6)","53 (0.0)","214 (0.2)","2844 (2.5)","9 (0.0)","128 (0.1)","280 (0.2)","179 (0.2)"
"Sickle cell disease or combined immune deficiency syndrome","","412 (1.0)","1709 (4.1)","87 (0.2)","22 (0.1)","2 (0.0)","4078 (9.7)","1753 (4.2)","79 (0.2)","283 (0.7)","11079 (26.5)","1962 (4.7)","130 (0.3)","5995 (14.3)","157 (0.4)","319 (0.8)","14 (0.0)","2 (0.0)","1 (0.0)","73 (0.2)","81 (0.2)","1 (0.0)","55 (0.1)","79 (0.2)","60 (0.1)","5 (0.0)","0 (0.0)","15 (0.0)","4 (0.0)","235 (0.6)","1 (0.0)","9 (0.0)","0 (0.0)","590 (1.4)","1478 (3.5)","260 (0.6)","33 (0.1)","5158 (12.3)","575 (1.4)","67 (0.2)","2545 (6.1)","46 (0.1)","195 (0.5)","1915 (4.6)","4 (0.0)","45 (0.1)","84 (0.2)","131 (0.3)"
"Stroke, transient ischaemic attack","","236 (1.0)","1356 (6.0)","29 (0.1)","0 (0.0)","0 (0.0)","3483 (15.4)","257 (1.1)","20 (0.1)","49 (0.2)","8357 (37.0)","266 (1.2)","22 (0.1)","825 (3.7)","41 (0.2)","87 (0.4)","5 (0.0)","0 (0.0)","0 (0.0)","18 (0.1)","20 (0.1)","1 (0.0)","26 (0.1)","26 (0.1)","24 (0.1)","0 (0.0)","0 (0.0)","7 (0.0)","4 (0.0)","138 (0.6)","0 (0.0)","6 (0.0)","0 (0.0)","452 (2.0)","831 (3.7)","68 (0.3)","15 (0.1)","3835 (17.0)","164 (0.7)","14 (0.1)","410 (1.8)","14 (0.1)","59 (0.3)","1356 (6.0)","3 (0.0)","12 (0.1)","20 (0.1)","34 (0.2)"
"Venous thromboembolism","","2834 (1.1)","12189 (4.6)","506 (0.2)","64 (0.0)","6 (0.0)","25915 (9.8)","8921 (3.4)","223 (0.1)","1430 (0.5)","73261 (27.7)","11368 (4.3)","455 (0.2)","31372 (11.8)","437 (0.2)","1019 (0.4)","75 (0.0)","13 (0.0)","1 (0.0)","277 (0.1)","200 (0.1)","3 (0.0)","239 (0.1)","204 (0.1)","137 (0.1)","2 (0.0)","0 (0.0)","45 (0.0)","11 (0.0)","1383 (0.5)","0 (0.0)","39 (0.0)","1 (0.0)","4416 (1.7)","12936 (4.9)","1977 (0.7)","221 (0.1)","42735 (16.1)","3883 (1.5)","158 (0.1)","13353 (5.0)","154 (0.1)","501 (0.2)","10783 (4.1)","63 (0.0)","206 (0.1)","409 (0.2)","321 (0.1)"
